<?xml version="1.0" encoding="UTF-8"?>
<project-private xmlns="http://www.netbeans.org/ns/project-private/1">
    <editor-bookmarks xmlns="http://www.netbeans.org/ns/editor-bookmarks/2" lastBookmarkId="0"/>
    <open-files xmlns="http://www.netbeans.org/ns/projectui-open-files/2">
        <group>
            <file>file:/root/Documentos/UNT/LBD/Ordenes/src/empleados/modelos/ModeloTablaEmpleados.java</file>
            <file>file:/root/Documentos/UNT/LBD/Ordenes/src/principal/controladores/ControladorVentanaLogin.java</file>
            <file>file:/root/Documentos/UNT/LBD/Ordenes/src/empleados/modelos/GestorEmpleados.java</file>
            <file>file:/root/Documentos/UNT/LBD/Ordenes/src/ordenes/modelos/Orden.java</file>
            <file>file:/root/Documentos/UNT/LBD/Ordenes/src/empleados/controladores/ControladorEmpleados.java</file>
            <file>file:/root/Documentos/UNT/LBD/Ordenes/src/conexion/modelos/GestorConexion.java</file>
            <file>file:/root/Documentos/UNT/LBD/Ordenes/src/principal/controladores/ControladorVentanaPrincipal.java</file>
            <file>file:/root/Documentos/UNT/LBD/Ordenes/src/ordenes/modelos/GestorOrdenes.java</file>
        </group>
    </open-files>
</project-private>
